"","Date Sampled","Address","1st Draw","2-3 Minute","5 Minute","geometry","intersection","fips"
"1","2/25/2019","26XX N FAIRFIELD AVE AVE","< 1","< 1","< 1",c(-87.6963134, 41.9287286),1043,"17031220300"
"2","9/30/2019","29XX N MULLIGAN AVE","< 1","< 1","< 1",c(-87.784771, 41.9329816),292,"17031190401"
"3","6/25/2018","77XX S SPAULDING AVE","3.2","6","1.9",c(-87.7051875, 41.7532687),1822,"17031700100"
"4","12/8/2019","31XX W ARMITAGE AVE","< 1","< 1","< 1",c(-87.7056994, 41.9174027),749,"17031222600"
"5","8/30/2016","24XX N HAMLIN AVE","5.5","12","3",c(-87.7218664, 41.9246058),107,"17031220701"
"6","9/29/2021","83XX S YATES BLVD","1.6","1.6","2.5",c(-87.5664083, 41.7443123),147,"17031460500"
"7","12/8/2019","69XX N KEDZIE AVE","< 1","< 1","< 1",c(-87.7093454, 42.0027349),625,"17031808002"
"8","8/14/2020","22XX N WASHTENAW AVE","1.9","4.7","2.7",c(-87.6956491, 41.9218589),681,"17031221400"
"9","10/1/2018","45XX N MAPLEWOOD AVE","< 1","< 1","< 1",c(-87.6927397, 41.9633055),1181,"17031040800"
"10","2/4/2020","27XX W LEXINGTON ST","See Follow-Up Sequential Sampling Table for Results",NA,NA,c(-87.69373, 41.872262),1473,"17031837400"
"11","11/11/2019","117XX S BELL AVE","12","6.3","4.1",c(-87.6771481, 41.6807573),1251,"17031750500"
"12","10/2/2019","14XX N LINDER AVE","11","7.5","5.7",c(-87.7636294, 41.9058955),1942,"17031250700"
"13","7/19/2019","56XX S ABERDEEN ST","1.4","1.2","1.5",c(-87.6527035, 41.792262),708,"17031680500"
"14","12/2/2020","44XX N WHIPPLE ST","3.9","2.8","1.6",c(-87.704576, 41.9612048),3064,"17031160601"
"15","8/31/2021","37XX N BOSWORTH AVE","<1.0","<1.0","<1.0",c(-87.6678042, 41.9490024),1186,"17031060400"
"16","6/16/2018","61XX N CAMPBELL AVE","8.3","16","6.6",c(-87.69242, 41.992381),1769,"17031020802"
"17","6/9/2016","20XX N WOLCOTT AVE","< 1","< 1","< 1",c(-87.6751901, 41.9178061),2332,"17031832300"
"18","6/20/2018","11XX N LA SALLE DR","< 1","< 1","< 1",c(-87.6333086, 41.9020661),512,"17031081000"
"19","2/21/2018","40XX W EASTWOOD AVE","< 1","1.2","< 1",c(-87.7286471, 41.9656537),285,"17031140500"
"20","2/14/2019","54XX W LUNT AVE","3.5","4.6","1.6",c(-87.762809, 42.007773),2254,"17031120200"
"21","8/24/2019","14XX W HENDERSON ST","< 1","< 1","< 1",c(-87.6638864, 41.9425052),2748,"17031062300"
"22","7/31/2018","16XX W BYRON ST","1.1","2.2","< 1",c(-87.6690542, 41.9524497),506,"17031060300"
"23","11/6/2016","110XX S AVENUE O","1.3","3.4","4.3",c(-87.5404161, 41.6953528),1998,"17031520600"
"24","12/3/2019","102XX S YALE AVE","3.2","1.9","1",c(-87.6298397, 41.708791),148,"17031490700"
"25","4/20/2021","19XX W CULLOM AVE","< 1","< 1","< 1",c(-87.6763108, 41.9597943),756,"17031050100"
"26","7/9/2018","54XX N MULLIGAN AVE","4.6","3.7","3.4",c(-87.7868934, 41.9794059),1902,"17031110300"
"27","10/6/2021","5XX W Surf St Apt.","<1.0","<1.0","<1.0",c(-87.6417733, 41.9342827),1191,"17031063301"
"28","3/12/2019","66XX N KEOTA AVE","2","2.8","< 1",c(-87.7727718, 42.0004879),1195,"17031120100"
"29","8/31/2021","28XX W CONGRESS PKWY","<1.0","<1.0","<1.0",c(-87.6964573, 41.8750185),2672,"17031837000"
"30","5/31/2018","30XX S LLOYD AVE","2.7","4","3.8",c(-87.659558, 41.8393596),1771,"17031600700"
"31","8/27/2019","8XX W ARGYLE ST","< 1","< 1","< 1",c(-87.6510112, 41.9733739),1702,"17031031300"
"32","9/8/2016","68XX W SHAKESPEARE AVE","4","12","4.3",c(-87.7953796, 41.9187098),376,"17031250500"
"33","11/10/2019","13XX E 53RD ST","< 1","< 1","< 1",c(-87.594758, 41.7997984),1713,"17031410700"
"34","12/5/2018","10XX W ARMITAGE AVE","< 1","< 1","< 1",c(-87.6536, 41.9183532),1006,"17031071000"
"35","4/16/2019","48XX S DORCHESTER AVE","4.2","2.9","5",c(-87.5923051, 41.8076895),1710,"17031390600"
"36","9/16/2019","108XX S HOYNE AVE","< 1","2.3","2.4",c(-87.6743953, 41.6972503),568,"17031750200"
"37","6/20/2016","12XX W GEORGE ST","< 1","< 1","< 1",c(-87.6592492, 41.9344719),510,"17031062800"
"38","3/30/2019","18XX S PEORIA ST","< 1","1.1","< 1",c(-87.6485365, 41.8579879),605,"17031310300"
"39","6/20/2018","41XX N RICHMOND ST","1.3","1.6","< 1",c(-87.7019536, 41.9557969),1034,"17031160602"
"40","11/5/2020","17XX W CERMAK RD","< 1","< 1","< 1",c(-87.6687289, 41.8525034),1981,"17031310800"
"41","8/27/2019","107XX S LONGWOOD DR","4.8","8.8","7.7",c(-87.6716917, 41.6990039),568,"17031750200"
"42","10/14/2019","17XX W 106th St","5.2","15","3.6",c(-87.6647788, 41.7013424),1230,"17031720700"
"43","8/21/2018","47XX N LAWNDALE AVE","< 1","< 1","< 1",c(-87.7208643, 41.9666536),2753,"17031140602"
"44","6/24/2019","75XX S VERNON AVE","3","4.2","2.2",c(-87.6138843, 41.7584224),452,"17031691400"
"45","1/11/2022","5XX W 80TH ST","5.6","2.4","1.8",c(-87.6369022, 41.7491011),2407,"17031842400"
"46","10/8/2019","12XX N WALLER AVE","4.4","8.8","3",c(-87.76842, 41.902333),4,"17031250600"
"47","6/28/2019","28XX N TALMAN AVE","< 1","< 1","< 1",c(-87.6941301, 41.9330464),2311,"17031210900"
"48","12/25/2019","38XX N DAMEN AVE","< 1","< 1","< 1",c(-87.6788545, 41.9506855),132,"17031050500"
"49","12/28/2018","12XX S FEDERAL ST","< 1","< 1","< 1",c(-87.6299275, 41.8671199),665,"17031330200"
"50","4/5/2022","65XX W Clarence Ave","See Follow-Up Sequential Sampling Table for Results",NA,NA,c(-87.7899289, 41.994628),1193,"17031100200"
"51","7/7/2018","32XX N SHEFFIELD AVE","< 1","< 1","< 1",c(-87.654299, 41.94011),1539,"17031062200"
"52","10/3/2018","47XX N MAPLEWOOD AVE","3.6","3.1","3",c(-87.6925212, 41.9667682),1497,"17031040700"
"53","4/2/2019","38XX N SACRAMENTO","4.4","17","2",c(-87.7034009, 41.9504311),2280,"17031160700"
"54","6/14/2018","37XX N MARSHFIELD AVE","3.6","< 1","< 1",c(-87.6704159, 41.948916),506,"17031060300"
"55","12/16/2019","51XX S CORNELL AVE","2.1","5","1.2",c(-87.586734, 41.8021701),826,"17031410100"
"56","1/11/2020","54XX S DORCHESTER AVE","6.8","2.3","1.8",c(-87.5922105, 41.7978632),1713,"17031410700"
"57","10/6/2021","54XX S Ellis Ave","<1.0","<1.0","<1.0",c(-87.601569, 41.797802),2861,"17031410500"
"58","3/28/2022","44XX N MALDEN ST","0.9","1.3","1",c(-87.662744, 41.961844),130,"17031031700"
"59","7/18/2021","38XX N JANSSEN AVE","2.6","10","9.7",c(-87.6657412, 41.9506834),1186,"17031060400"
"60","4/9/2016","104XX S CAMPBELL AVE","1.16","2.30","<1",c(-87.6843349, 41.7044121),1229,"17031720500"
"61","10/4/2016","35XX N GREENVIEW AVE","3.4","8.5","7.8",c(-87.6666734, 41.9453707),1093,"17031831900"
"62","6/4/2021","29XX S FARRELL ST","5.1","2.3","2.1",c(-87.6532519, 41.8409982),329,"17031600600"
"63","11/9/2021","17XX W 21ST ST","<1.0","<1.0","<1.0",c(-87.6687157, 41.8543121),1981,"17031310800"
"64","11/4/2020","3XX S MICHIGAN AVE","< 1","< 1","< 1",c(-87.624729, 41.87815),2732,"17031320400"
"65","7/21/2016","96XX S SEELEY AVE","1.3","1.2","1.1",c(-87.6738126, 41.7190843),2026,"17031720300"
"66","9/12/2016","61XX W DAKIN ST","6.9","20","33",c(-87.7793694, 41.952291),2739,"17031170200"
"67","4/10/2022","40XX N ST LOUIS AVE","<0.5","1.2","<0.5",c(-87.7153571, 41.9538741),747,"17031160502"
"68",NA,"53XX S CALIFORNIA AVE","Customer declined further testing",NA,NA,c(-87.6941851, 41.7972073),2088,"17031630400"
"69","7/30/2019","43XX N SPAULDING AVE","< 1","< 1","< 1",c(-87.7107793, 41.9595229),144,"17031160501"
"70","7/23/2018","103XX S CHRISTIANA AVE","2.8","14","2.9",c(-87.7053762, 41.7059575),1232,"17031740200"
"71","4/30/2019","88XX S MERRILL AVE","7.5","13","19",c(-87.5723539, 41.7351483),820,"17031480100"
"72","8/4/2021","28XX W Division St","See Follow-Up Sequential Sampling Table for Results",NA,NA,c(-87.697025, 41.9030084),2571,"17031240900"
"73","4/4/2021","52XX N SAWYER AVE","3.5","3","2.9",c(-87.7098955, 41.9757525),2330,"17031831800"
"74","2/15/2019","35XX W PIERCE AVE","See Follow-Up Sequential Sampling Table for Results",NA,NA,c(-87.7145253, 41.9093542),2461,"17031230800"
"75","7/25/2019","41XX N MAJOR AVE","4.2","7.5","2.9",c(-87.7698953, 41.9550699),286,"17031150402"
"76","6/20/2018","6XX W BARRY AVE","1.5","1.3","1.7",c(-87.6443362, 41.93791),1190,"17031063100"
"77","11/5/2019","18XX N MONTICELLO AVE","< 1","1.5","< 1",c(-87.7182237, 41.9138352),1871,"17031222900"
"78","6/10/2018","14XX N BELL AVE","2.8","1.9","1.5",c(-87.6837882, 41.9068514),1929,"17031241200"
"79","8/23/2021","73XX S GREEN ST","6","4.1","3.2",c(-87.6458298, 41.7613982),1032,"17031681400"
"80","8/7/2019","32XX N RACINE AVE","< 1","< 1","< 1",c(-87.6591571, 41.9400794),2748,"17031062300"
"81","9/1/2020","16XX W SUNNYSIDE AVE","3.1","1.4","1.1",c(-87.6693695, 41.9634054),131,"17031031900"
"82","2/15/2019","21XX NORTH HOYNE BLVD","1.3","1.7","< 1",c(-87.6803686, 41.9201227),2331,"17031832200"
"83","2/14/2019","30XX N OLCOTT AVE","6.2","11","2.8",c(-87.8139459, 41.9343859),291,"17031170900"
"84","5/20/2019","54XX N NEVA AVE","2.6","7.5","1.1",c(-87.8061312, 41.9792734),849,"17031100600"
"85","5/29/2018","32XX S LITUANICA AVE","25","3.5","3.3",c(-87.6489914, 41.8362764),668,"17031600900"
"86","5/6/2021","23XX N CLEVELAND AVE","< 1","< 1","< 1",c(-87.6414168, 41.9237516),139,"17031071300"
"87","3/11/2022","18XX W FARWELL AVE","2.1","2.7","1.5",c(-87.6759458, 42.006725),3109,"17031010701"
"88","8/12/2019","95XX S PEORIA ST","4.9","8.2","3.6",c(-87.6456322, 41.7213356),72,"17031730400"
"89","9/29/2021","45XX W CONGRESS PKWY","2","1.5","<1.0",c(-87.7378721, 41.8743937),7,"17031260500"
"90","9/1/2021","113XX S ELIZABETH ST","2.5","2.7","1.5",c(-87.6531798, 41.687554),74,"17031750600"
"91","9/10/2016","72XX W GREENLEAF AVE","2.4","1.6","1.6",c(-87.8066917, 42.008992),1192,"17031090200"
"92","9/12/2021","10XX W 108TH ST","13","17","6.1",c(-87.6474242, 41.6977541),73,"17031750100"
"93","10/24/2018","18XX W 19TH ST","1.1","1.4","1",c(-87.6710377, 41.8558901),1981,"17031310800"
"94","3/27/2019","50XX W GUNNISON ST","2","1.8","< 1",c(-87.7527869, 41.9692157),2253,"17031110502"
"95","4/16/2022","19XX W WINNEMAC AVE","0.6","<0.5","<0.5",c(-87.6763167, 41.973311),698,"17031040402"
"96","8/14/2017","56XX N KENTON AVE","3.6","3.7","2.2",c(-87.7431231, 41.9826847),2980,"17031130200"
"97","4/6/2021","28XX W EASTWOOD AVE","< 1","< 1","< 1",c(-87.6991903, 41.9659157),2259,"17031140800"
"98","10/19/2020","58XX N KOSTNER AVE","2.4","3.3","2.4",c(-87.738561, 41.986556),278,"17031120300"
"99","6/20/2020","9XX W ROSCOE ST","< 1","< 1","< 1",c(-87.652054, 41.9438015),2977,"17031062100"
"100","4/19/2019","78XX W GREGORY ST","3.8","5.4","1.3",c(-87.8220141, 41.9807338),2647,"17031100500"
"101","9/18/2021","22XX W ARTHUR AVE","1.2","<1.0","<1.0",c(-87.6850638, 41.9996159),128,"17031020500"
"102","6/17/2021","115XX S ARTESIAN AVE","3.2","5.6","1.9",c(-87.6823294, 41.6842493),1250,"17031750400"
"103","8/11/2018","44XX N MULLIGAN AVE","4","9.3","4.2",c(-87.7857676, 41.9604479),2981,"17031150502"
"104","9/30/2019","56XX S NATCHEZ AVE","< 1","< 1","< 1",c(-87.7844719, 41.7903244),1796,"17031561000"
"105","5/16/2019","122XX S RACINE AVE","4.1","13","3.2",c(-87.6517415, 41.6720473),2865,"17031530400"
"106","6/9/2017","45XX N PAULINA ST","< 1","< 1","< 1",c(-87.6708838, 41.9633851),131,"17031031900"
"107","11/16/2019","32XX W DOUGLAS BLVD","< 1","< 1","< 1",c(-87.7055576, 41.8629735),2645,"17031843100"
"108","7/15/2016","58XX S BLACKSTONE AVE","1.1","< 1","< 1",c(-87.5903837, 41.7895509),2777,"17031411100"
"109","8/28/2016","19XX W HURON ST","< 1","< 1","< 1",c(-87.6747304, 41.8943536),1024,"17031243100"
"110","4/16/2019","17XX N SAINT MICHAELS CT","2.2","1.6","< 1",c(-87.6405826, 41.9130035),758,"17031071700"
"111","8/6/2018","5XX N NOBLE ST","< 1","< 1","< 1",c(-87.6622827, 41.891041),550,"17031243300"
"112","7/19/2018","50XX W CARMEN AVE","< 1","< 1","< 1",c(-87.7528376, 41.9734538),967,"17031120400"
"113","6/10/2018","65XX W GEORGE ST","< 1","< 1","< 1",c(-87.788188, 41.9327947),2329,"17031831500"
"114","9/21/2021","51XX N Menard Ave","See Follow-Up Sequential Sampling Table for Results",NA,NA,c(-87.773647, 41.9740084),2252,"17031110400"
"115","3/27/2019","118XX S HARVARD AVE","2.7","4.6","< 1",c(-87.6311303, 41.6797481),1999,"17031530200"
"116","8/23/2021","60XX N NAVARRE AVE","1.9","5.5","2.1",c(-87.7927007, 41.9899276),1193,"17031100200"
"117","1/17/2019","64XX N NOKOMIS AVE","3.3","2.4","1.2",c(-87.7592973, 41.9973741),2254,"17031120200"
"118","8/31/2019","19XX W 102ND ST","4.5","4.4","3.6",c(-87.6702494, 41.7080322),71,"17031720200"
"119","5/8/2019","73XX N ODELL","4.2","15","3.6",c(-87.8105195, 42.0136619),1898,"17031090100"
"120","11/18/2018","14XX W ALTGELD ST","< 1","< 1","< 1",c(-87.6633708, 41.927009),1338,"17031070500"
"121","8/1/2019","41XX N RICHMOND ST","4.2","9.5","6",c(-87.7019536, 41.9557969),1034,"17031160602"
"122","10/24/2021","10XX N OAKLEY BLVD","<1.0","<1.0","<1.0",c(-87.6848065, 41.8995889),1021,"17031242400"
"123","4/3/2021","18XX W NORWOOD ST","6.1","8.1","1.4",c(-87.6752968, 41.9919511),3111,"17031020902"
"124","11/30/2020","25XX N BERNARD ST","2.4","2.4","2",c(-87.7137403, 41.9269377),2313,"17031220602"
"125","10/31/2021","41XX N ROCKWELL ST","<1.0","<1.0","<1.0",c(-87.693713, 41.956116),235,"17031050300"
"126","11/13/2019","105XX S HOYNE AVE","3","7.5","2.1",c(-87.6745927, 41.7026997),752,"17031720600"
"127","8/21/2021","21XX S TAN CT","<1.0","<1.0","<1.0",c(-87.6339458, 41.8551139),2369,"17031841100"
"128","4/16/2018","17XX N CLARK ST","< 1","< 1","< 1",c(-87.6328603, 41.9131768),1008,"17031071500"
"129","5/21/2016","113XX S UNION AVE","1.5","2.8","1.4",c(-87.639843, 41.6887315),149,"17031491200"
"130","3/19/2020","81XX S HERMITAGE AVE","3.3","3.8","1.3",c(-87.6672744, 41.7465617),1226,"17031710500"
"131","9/19/2019","40XX N RAVENSWOOD AVE","< 1","< 1","< 1",c(-87.6743262, 41.9544089),756,"17031050100"
"132","1/4/2020","25XX W WINONA ST","3.5","9.4","1.9",c(-87.6922892, 41.9748538),1180,"17031040201"
"133","9/14/2017","57XX N OKETO AVE**","See Follow-Up Sequential Sampling Table for Results",NA,NA,c(-87.8121978, 41.9836815),704,"17031100400"
"134","7/16/2019","69XX N WAUKESHA AVE","2.7","11","2.7",c(-87.7649263, 42.0064435),2254,"17031120200"
"135","2/13/2019","19XX N NEW ENGLAD AVE","6.2","13","2.2",c(-87.7976396, 41.9146332),376,"17031250500"
"136","6/18/2019","54XX S RUTHERFORD AVE","2.9","2.2","1.2",c(-87.7906951, 41.7939792),2741,"17031560900"
"137","1/30/2020","12XX W ARTHUR AVE","1.6","4.2","1.8",c(-87.6613005, 42.0006639),527,"17031010503"
"138","10/17/2019","98XX S DAMEN AVE","See Follow-Up Sequential Sampling Table for Results",NA,NA,c(-87.6722041, 41.7156366),71,"17031720200"
"139","4/26/2019","22XX W CULLOM AVE","3.1","3.1","2.7",c(-87.6839596, 41.9597631),1182,"17031050200"
"140","2/22/2020","35XX W LYNDALE ST","1.6","< 1","< 1",c(-87.7136589, 41.9218991),2315,"17031221000"
"141","1/26/2020","51XX W PENSACOLA AVE","1.3","1","< 1",c(-87.7549979, 41.959949),2543,"17031150200"
"142","11/7/2019","115XX S BISHOP ST","4.9","4.1","1.9",c(-87.657964, 41.6848719),74,"17031750600"
"143","6/17/2018","54XX N GLENWOOD AVE","1.5","< 1","< 1",c(-87.6652129, 41.9800314),231,"17031030800"
"144","11/12/2019","80XX S KIRKLAND AVE","1.2","2.6","< 1",c(-87.7298457, 41.7469201),670,"17031700301"
"145","10/6/2021","60XX N BROADWAY ST","<1.0","<1.0","<1.0",c(-87.660547, 41.9912184),129,"17031030200"
"146","3/4/2022","32XX N RAVENSWOOD AVE","<0.5","<0.5","<0.5",c(-87.6738928, 41.9396289),757,"17031051200"
"147","8/30/2019","11XX E 85TH ST","2","2","1.4",c(-87.596426, 41.7398926),2593,"17031834300"
"148","12/2/2018","17XX W CHASE AVE","3.3","2.7","2",c(-87.67261, 42.0139933),1764,"17031010202"
"149","7/21/2021","52XX W MONROE ST","4.1","8.3","2.5",c(-87.7553543, 41.8796996),2518,"17031252102"
"150","1/25/2020","14XX W LEXINGTON ST","< 1","< 1","< 1",c(-87.6617592, 41.8725202),762,"17031832900"
"151","3/1/2020","9XX W ARGYLE ST","< 1","< 1","< 1",c(-87.6526846, 41.9736403),1702,"17031031300"
"152","3/21/2019","XX N LONG AVE","1.5","< 1","< 1",c(-87.7601278, 41.88036),1029,"17031251900"
"153","12/20/2017","61XX S GREENWOOD AVE","< 1","< 1","< 1",c(-87.5995211, 41.7841049),216,"17031420300"
"154","1/24/2019","28XX S KILDARE","19","6.2","2.4",c(-87.732076, 41.840336),1210,"17031301801"
"155","9/27/2019","45XX N ASHLAND AVE","2","2","1.6",c(-87.669699, 41.9636232),131,"17031031900"
"156","9/29/2019","61XX W LAWRENCE AVE","4.8","4.9","1.9",c(-87.7798056, 41.9678113),2243,"17031150501"
"157","4/22/2022","55XX S ALBANY AVE","5.3","5.1","1.9",c(-87.7011113, 41.7935557),992,"17031630800"
"158","5/18/2019","36XX W 81ST ST","2","4.5","1.1",c(-87.7122784, 41.7462241),1225,"17031700401"
"159","8/30/2018","73XX N ASHLAND BLVD","< 1","1.5","1.9",c(-87.670244, 42.0138307),1764,"17031010202"
"160","11/19/2021","27XX N TROY ST","4.7","2.3","2.1",c(-87.7063457, 41.9303386),2569,"17031220500"
"161","2/25/2019","49XX W GEORGE ST","4.3","1.4","1",c(-87.749326, 41.9335649),2303,"17031190200"
"162","5/7/2017","111XX S SACRAMENTO AVE","< 1","< 1","< 1",c(-87.6961442, 41.6915928),2507,"17031740100"
"163","6/20/2019","63XX S HERMITAGE AVE","1.2","1.4","1.1",c(-87.6678542, 41.7793926),998,"17031671200"
"164","11/3/2018","36XX N LAKEWOOD AVE","< 1","< 1","< 1",c(-87.6617543, 41.947326),507,"17031061200"
"165","7/12/2019","48XX W HENDERSON ST","< 1","< 1","< 1",c(-87.7470126, 41.9415633),970,"17031151002"
"166","11/11/2019","11XX W Morse Ave","23.0","1.4","4.2",c(-87.6593336, 42.008011),674,"17031010400"
"167","8/25/2021","39XX N OCTAVIA AVE","2.2","2.7","1.5",c(-87.809892, 41.9508039),290,"17031170400"
"168","8/13/2020","19XX W SCHOOL ST","5","4.5","4.2",c(-87.6761237, 41.9416386),757,"17031051200"
"169","7/10/2019","49XX W SCHOOL","10","59","6.6",c(-87.7495593, 41.940801),970,"17031151002"
"170","4/23/2019","103XX S DRAKE AVE","4.2","1.8","1.1",c(-87.7101485, 41.7058193),1232,"17031740200"
"171","7/21/2019","21XX N CAMPBELL AVE","1.4","2.4","1.7",c(-87.6895205, 41.9201148),2248,"17031221500"
"172","11/4/2019","58XX S INDIANA AVE","2.4","4.1","2.2",c(-87.621172, 41.789097),2776,"17031400500"
"173","7/22/2021","27XX N LAKEWOOD AVE","<1.0","<1.0","<1.0",c(-87.6613954, 41.9305138),1338,"17031070500"
"174","11/15/2018","105XX S LAWNDALE AVE","2","1.2","< 1",c(-87.7134206, 41.7023334),1232,"17031740200"
"175","7/1/2016","36XX N LAKEWOOD AVE","< 1","< 1","< 1",c(-87.6617543, 41.947326),507,"17031061200"
"176","4/22/2018","27XX N SAWYER AVE","< 1","< 1","< 1",c(-87.7095445, 41.9301906),2313,"17031220602"
"177","1/11/2020","5XX S CLINTON ST","< 1","< 1","< 1",c(-87.6415754, 41.8750801),2798,"17031841900"
"178","8/17/2020","97XX S CALUMET AVE","9","12","5.7",c(-87.6152577, 41.7182022),2863,"17031490500"
"179","7/2/2019","89XX S CHAPPEL","180","8.9","3.5",c(-87.5747088, 41.7332931),607,"17031480400"
"180","4/3/2022","112XX S HOMAN AVE","3.7","4.4","2.9",c(-87.7059257, 41.6895902),1234,"17031740400"
"181","6/28/2018","17XX N RICHMOND ST","< 1","< 1","< 1",c(-87.7004781, 41.9124347),375,"17031240800"
"182","3/4/2020","66XX N LEHIGH AVE","See Follow-Up Sequential Sampling Table for Results",NA,NA,c(-87.768009, 42.001108),1195,"17031120100"
"183","7/11/2017","24XX N BERNARD ST","18.0","9.8","6.4",c(-87.7137382, 41.9248179),2693,"17031220601"
"184","6/7/2021","58XX N WHIPPLE ST","5","9.5","2.7",c(-87.7056043, 41.9869628),636,"17031020701"
"185","7/22/2016","16XX N CLEVELAND AVE","9.6","3.6","29.0",c(-87.6410206, 41.9111476),758,"17031071700"
"186","10/20/2019","23XX S MILLARD AVE","8.2","12","6.9",c(-87.7166101, 41.8496512),1889,"17031300600"
"187","9/4/2019","99XX S OAKLEY AVE","3.5","5.7","2.1",c(-87.6797139, 41.7135333),2026,"17031720300"
"188","10/21/2021","44XX S MOZART ST","1.2","<1.0","<1.0",c(-87.6958839, 41.8135889),940,"17031580502"
"189","9/24/2018","31XX W FULLERTON AVE","< 1","< 1","< 1",c(-87.704837, 41.9250453),2569,"17031220500"
"190","4/7/2016","11XX W WELLINGTON AVE","2.80","1.32","1.13",c(-87.6565909, 41.9364407),135,"17031062900"
"191","4/3/2021","48XX W BELDEN AVE","< 1","< 1","< 1",c(-87.7463189, 41.9224105),1039,"17031191100"
"192","6/15/2018","36XX N LONG AVE","7","9.5","4.2",c(-87.7618323, 41.9459352),288,"17031151100"
"193","2/23/2020","106XX S KEDZIE AVE","2","6.8","< 1",c(-87.7014581, 41.7004667),1232,"17031740200"
"194","8/27/2018","56XX W BYRON ST","2.4","2.3","2.2",c(-87.766935, 41.9513312),143,"17031150700"
"195","2/5/2019","46XX N KOSTNER AVE","7.7","4.3","2.9",c(-87.7385439, 41.964472),2245,"17031160100"
"196","4/7/2019","89XX S YATES BLVD","2.6","4.1","1.7",c(-87.5662243, 41.7333867),607,"17031480400"
"197","7/18/2018","21XX W BERTEAU AVE","2.2","2.9","2.2",c(-87.6812796, 41.957772),1182,"17031050200"
"198","2/23/2019","52XX S MOBILE AVE","1.2","1.7","< 1",c(-87.7797705, 41.797767),2007,"17031560800"
"199","4/30/2019","91XX S PHILLIPS AVE","2.5","4.6","1.3",c(-87.5646117, 41.7298762),821,"17031480500"
"200","6/26/2018","8XX W 33RD PL","< 1","< 1","< 1",c(-87.646177, 41.8338437),2673,"17031839700"
"201","10/14/2021","65XX N NORTHWEST HWY","<1.0","<1.0","<1.0",c(-87.8102267, 41.9987307),1192,"17031090200"
"202","11/5/2018","11XX E 91ST ST","3.9","3.1","1.8",c(-87.5972203, 41.7296541),1834,"17031470100"
"203","3/9/2020","21XX N KEDVALE AVE","2.2","2.6","2",c(-87.7302546, 41.9189421),2545,"17031200402"
"204","6/4/2018","54XX N MASON AVE","3.5","7.7","3",c(-87.7768914, 41.9799174),2541,"17031110200"
"205","4/16/2019","64XX N HAMILTON AVE","< 1","< 1","< 1",c(-87.6838683, 41.9979777),128,"17031020500"
"206","4/30/2021","88XX S EUCLID AVE","1.9","1.6","1.3",c(-87.5771481, 41.7351038),820,"17031480100"
"207","3/14/2021","34XX N OCTAVIA AVE","3","3.9","9.3",c(-87.8092882, 41.9415179),2544,"17031170800"
"208","9/20/2019","31XX S MAY ST","1.5","2","2.2",c(-87.6547896, 41.8379397),1771,"17031600700"
"209","9/28/2021","5XX W 120TH ST","13","31","30",c(-87.6346346, 41.6760747),224,"17031530501"
"210","5/22/2018","10XX N PAULINA ST","< 1","< 1","< 1",c(-87.6698357, 41.8996654),111,"17031242100"
"211","6/3/2018","33XX W HOLLYWOOD AVE","< 1","< 1","< 1",c(-87.7113713, 41.9848521),2255,"17031130300"
"212","10/28/2019","38XX N CLAREMONT AVE","2.3","4.8","1.6",c(-87.6873375, 41.9507087),132,"17031050500"
"213","2/7/2019","109XX S WASHTENAW AVE","7.8","6.8","1.1",c(-87.6890316, 41.6951962),3108,"17031750300"
"214","3/9/2022","67XX N BOSWORTH AVE","<0.5","<0.5","<0.5",c(-87.6697093, 42.0037283),1766,"17031010600"
"215","10/5/2016","31XX N SHERIDAN RD","< 1","< 1","< 1",c(-87.6398827, 41.9378991),1542,"17031063200"
"216","2/4/2019","34XX N PAGE AVE","5.1","6","1.7",c(-87.8279348, 41.9412688),2300,"17031170600"
"217","4/4/2021","61XX N SHERIDAN RD","< 1","< 1","< 1",c(-87.6554519, 41.9923441),3054,"17031030101"
"218","8/19/2019","39XX N PIONEER AVE","4.7","14","5.6",c(-87.8320729, 41.9504934),1037,"17031170500"
"219","9/10/2019","106XX S UNION AVE","2.8","8","2.2",c(-87.6405553, 41.7013439),843,"17031491100"
"220","11/28/2021","9XX W 34TH ST","2.1","2","1.8",c(-87.6485832, 41.8327661),2673,"17031839700"
"221","2/10/2020","16XX N TROY ST","< 1","< 1","2.2",c(-87.7056598, 41.9102062),109,"17031230100"
"222","11/29/2020","74XX N CLAREMONT AVE","< 1","< 1","< 1",c(-87.6889278, 42.0157406),1132,"17031020100"
"223","10/19/2020","51XX N KENNETH AVE","6","6.2","2.7",c(-87.7396401, 41.973754),2257,"17031140400"
"224","10/10/2021","14XX W CATALPA AVE","<1.0","<1.0","<1.0",c(-87.6649111, 41.9817244),231,"17031030800"
"225","6/28/2021","84XX S Kenwood Ave","See Follow-Up Sequential Sampling Table for Results",NA,NA,c(-87.5917141, 41.7421673),2593,"17031834300"
"226","4/17/2022","77XX W FARRAGUT AVE","1.8","4.4","0.8",c(-87.8195998, 41.975347),2647,"17031100500"
"227","5/16/2017","45XX N BEACON ST","< 1","< 1","< 1",c(-87.6637517, 41.9634764),130,"17031031700"
"228","9/28/2019","27XX N MARSHFIELD AVE","< 1","< 1","< 1",c(-87.6698698, 41.9307193),2539,"17031070700"
"229","4/15/2019","80XX S SAGINAW AVE","1.6","1.5","1.6",c(-87.5604234, 41.749869),1811,"17031460302"
"230","12/13/2018","71XX N MELVINA AVE","9.1","8.9","7.3",c(-87.7822333, 42.010306),1195,"17031120100"
"231","5/20/2019","62XX S ELLIS AVE","< 1","< 1","< 1",c(-87.601567, 41.782064),685,"17031420400"
"232","8/11/2019","53XX N SAWYER AVE","9.8","6.6","4.8",c(-87.7099357, 41.9775882),2330,"17031831800"
"233","11/3/2019","16XX W RASCHER AVE","< 1","< 1","< 1",c(-87.6698285, 41.9807271),703,"17031030900"
"234","7/20/2019","37XX S EMERALD AVE","2.6","9.5","2.9",c(-87.6450484, 41.826977),2366,"17031839900"
"235","12/13/2019","26XX N WASHTENAW AVE","< 1","2.5","< 1",c(-87.6951042, 41.9287312),1043,"17031220300"
"236","9/27/2021","37XX N RIDGEWAY AVE","3.5","6.4","3.2",c(-87.721349, 41.9493181),1685,"17031160900"
"237","4/15/2019","40XX W EDDY ST","1.2","1.4","1",c(-87.7273699, 41.9456101),1092,"17031831100"
"238","9/8/2021","37XX W 60th Pl","See Follow-Up Sequential Sampling Table for Results",NA,NA,c(-87.7156894, 41.7835496),707,"17031650100"
"239","6/3/2018","19XX N SHEFFIELD AVE","3","2.9","2.3",c(-87.6535539, 41.9161367),1118,"17031832600"
"240","3/17/2020","66XX N ONARGA AVE","5.3","3.5","1.4",c(-87.8099152, 42.0002141),1192,"17031090200"
"241","5/4/2018","31XX N SAWYER AVE","1.7","4.2","1.4",c(-87.7091819, 41.9376364),1041,"17031210601"
"242","11/4/2018","66XX N GLENWOOD AVE","1","3.5","3.1",c(-87.6658738, 42.0019321),1766,"17031010600"
"243","9/17/2019","17XX W ARTHUR AVE","3.8","6.5","3.6",c(-87.6722667, 42.0008254),1107,"17031830600"
"244","8/24/2018","39XX N RAVENSWOOD AVE","2.2","2.8","2.7",c(-87.6741628, 41.9523937),1499,"17031050600"
"245","8/30/2020","81XX S MARQUETTE AVE","< 1","< 1","< 1",c(-87.5591876, 41.748046),1811,"17031460302"
"246","8/4/2018","52XX S GREENWOOD AVE","2.7","12","4.2",c(-87.6000558, 41.8007714),1712,"17031410600"
"247","8/14/2020","14XX W CORTEZ ST","< 1","< 1","< 1",c(-87.6631696, 41.9006979),964,"17031242000"
"248","10/27/2021","120XX S LAFAYETTE AVE","1.4","<1.0","<1.0",c(-87.6240811, 41.6760475),224,"17031530501"
"249","1/17/2017","18XX N LEAVITT ST****","See Follow-Up Sequential Sampling Table for Results",NA,NA,c(-87.682685, 41.914482),602,"17031222200"
"250","6/13/2020","7XX W MELROSE ST","< 1","< 1","< 1",c(-87.6470336, 41.9412773),508,"17031062000"
"251","6/2/2019","67XX N ASHLAND AVE","1.6","11","2.7",c(-87.670533, 42.0035519),1766,"17031010600"
"252","8/22/2019","7XX W EVERGREEN AVE","< 1","< 1","< 1",c(-87.6469011, 41.9051662),2372,"17031842200"
"253","7/12/2018","26XX W CRYSTAL ST","3.1","4.2","3.4",c(-87.6920867, 41.9042085),112,"17031242600"
"254","2/14/2019","50XX N MELVINA","630","5.5","2.6",c(-87.7834017, 41.9722189),1902,"17031110300"
"255","9/7/2021","18XX W ROSCOE ST","<1.0","<1.0","<1.0",c(-87.6748169, 41.9435435),477,"17031050700"
"256","2/12/2022","63XX W BERTEAU AVE","0.8","3.5","<0.5",c(-87.7843953, 41.9567894),2981,"17031150502"
"257","4/8/2019","51XX S WOOD ST","1.2","< 1","< 1",c(-87.6696492, 41.8012741),331,"17031611700"
"258","2/24/2020","57XX N MANTON AVE","3.7","1.8","1",c(-87.7685115, 41.9858919),1901,"17031110100"
"259","8/22/2019","96XX S BISHOP ST","See Follow-Up Sequential Sampling Table for Results",NA,NA,c(-87.6578467, 41.6962736),73,"17031750100"
"260","5/25/2019","78XX S RHODES","See Follow-Up Sequential Sampling Table for Results",NA,NA,c(-87.6116133, 41.7528857),452,"17031691400"
"261","7/19/2018","114XX S MILLARD AVE","3.5","11","1.1",c(-87.71177, 41.685855),1234,"17031740400"
"262","11/30/2020","51XX N WOLCOTT AVE","1.5","1.1","< 1",c(-87.6766437, 41.9749619),698,"17031040402"
"263","2/6/2020","108XX S GREEN ST","2.7","3.6","1.3",c(-87.6440819, 41.6976757),73,"17031750100"
"264","10/24/2019","56XX W PATTERSON","See Follow-Up Sequential Sampling Table for Results",NA,NA,c(-87.7667812, 41.9467862),143,"17031150700"
"265","11/13/2018","43XX W HENDERSON ST","8.8","12","3.9",c(-87.7346495, 41.9417229),1035,"17031161300"
"266","9/17/2019","27XX S SACRAMENTO AVE","4.3","7.3","3.8",c(-87.6996714, 41.8410403),2137,"17031843500"
"267","8/1/2016","49XX N RIDGEWAY AVE","4.7","14","3.5",c(-87.7221846, 41.9702985),141,"17031140302"
"268","11/17/2018","35XX N KOLMAR AVE","4.5","19","2.3",c(-87.7412434, 41.9445443),2210,"17031161200"
"269","1/6/2020","21XX W CUYLER AVE","4.1","5.7","2.5",c(-87.681232, 41.9550573),1182,"17031050200"
"270","5/6/2019","40XX N LEAMINGTON AVE","5","8.3","5.6",c(-87.7559055, 41.9534569),2543,"17031150200"
"271","3/14/2019","21XX W DICKENS AVE","2.9","3.8","1.3",c(-87.7953371, 41.9182546),376,"17031250500"
"272","11/15/2021","17XX W SCHOOL ST","4.9","3.2","2.8",c(-87.6713766, 41.9416059),509,"17031062500"
"273","3/9/2018","96XX S WINCHESTER AVE","5.8","12","12",c(-87.6710808, 41.7191582),71,"17031720200"
"274","3/4/2016","18XX W CUYLER AVE","131","4.86","1.91",c(-87.674528, 41.9554507),756,"17031050100"
"275","8/12/2016","48XX W BERWYN AVE","5.9","3.5","3",c(-87.7480772, 41.977939),2980,"17031130200"
"276","9/21/2018","33XX W BERTEAU AVE","4.3","6.1","5.9",c(-87.7107903, 41.9577858),144,"17031160501"
"277","6/10/2019","60XX N KIMBALL AVE","5.7","9.8","2.1",c(-87.7139835, 41.9903236),2255,"17031130300"
"278","6/24/2019","40XX W CULLERTON ST","9.6","4.9","3.5",c(-87.7248275, 41.8544027),1208,"17031292400"
"279","8/31/2020","16XX N ROCKWELL ST","1.7","1.6","1.4",c(-87.6920973, 41.9103147),866,"17031240600"
"280","9/29/2016","46XX N HERMITAGE AVE","< 1","< 1","< 1",c(-87.6718095, 41.9660977),233,"17031031800"
"281","2/25/2021","10XX N MONTICELLO AVE","1.8","1.9","1",c(-87.7179492, 41.8992173),865,"17031231200"
"282","10/4/2016","2XX S RACINE AVE","< 1","< 1","< 1",c(-87.6572641, 41.8788559),631,"17031833100"
"283","4/18/2019","18XX W FARRAGUT AVE","6.5","5.8","3",c(-87.6751203, 41.9770119),1704,"17031040100"
"284","9/29/2019","4XX N CLINTON ST","< 1","< 1","< 1",c(-87.6407545, 41.8893482),1282,"17031842300"
"285","2/16/2016","51XX N OAKLEY AVE","3.86","2.12","1.55",c(-87.6869497, 41.9741165),1496,"17031040401"
"286","8/21/2019","18XX W ROSCOE ST","2.3","2.2","2.2",c(-87.6748169, 41.9435435),477,"17031050700"
"287","1/21/2020","110XX S EBERHART AVE","See Follow-Up Sequential Sampling Table for Results",NA,NA,c(-87.6112518, 41.6945082),2509,"17031490901"
"288","7/22/2019","60XX W PATTERSON AVE","< 1","3","< 1",c(-87.7767428, 41.9469266),2739,"17031170200"
"289","2/25/2020","20XX W 79TH PL","3.1","3.2","3",c(-87.6733103, 41.7495391),1226,"17031710500"
"290","3/7/2021","11XX N LEAVITT ST","2.5","3","1.1",c(-87.6821058, 41.9012926),1021,"17031242400"
"291","8/24/2021","77XX W VICTORIA ST","1.2","2.4","1.5",c(-87.8195467, 41.9847315),704,"17031100400"
"292","12/9/2019","20XX W HURON ST","3.4","11","3.7",c(-87.6771764, 41.8942507),3,"17031243000"
"293","4/23/2018","52XX N LA CROSSE AVE","3.9","2","1.5",c(-87.7492628, 41.9753111),967,"17031120400"
"294","9/23/2021","86XX S DREXEL AVE","1.8","5.5","1.5",c(-87.6027729, 41.7383572),220,"17031440102"
"295","9/3/2019","101XX S RHODES AVE","5.6","11","5",c(-87.6104937, 41.7108766),841,"17031490800"
"296","2/14/2020","54XX N MOBILE AVE","See Follow-Up Sequential Sampling Table for Results",NA,NA,c(-87.7856188, 41.9794245),1902,"17031110300"
"297","4/30/2018","27XX W AINSLIE ST","4.3","5","2",c(-87.6963249, 41.9707494),1180,"17031040201"
"298","5/2/2019","44XX N RICHMOND ST","5","10","2.6",c(-87.7021202, 41.9612345),2259,"17031140800"
"299","1/23/2022","X W CHESTNUT ST","1.5","2.9","<0.5",c(-87.6282607, 41.8980077),2676,"17031081100"
"300","7/30/2019","19XX S SPRINGFIELD AVE","2","3.8","2.3",c(-87.722688, 41.854883),1208,"17031292400"
"301","8/11/2018","31XX W ARGYLE ST","< 1","< 1","< 1",c(-87.7064701, 41.9722518),279,"17031140100"
"302","9/30/2020","9XX W 34TH ST","4.9","3.8","3.3",c(-87.6485832, 41.8327661),2673,"17031839700"
"303","11/3/2019","14XX W HIGHLAND AVE","3.9","4","2.2",c(-87.6659888, 41.9973014),129,"17031030200"
"304","7/3/2018","21XX W LELAND AVE","< 1","< 1","< 1",c(-87.6809598, 41.9671459),234,"17031040600"
"305","11/18/2021","50XX N ALBANY AVE","1.3","1.3","1.1",c(-87.7064047, 41.9722176),279,"17031140100"
"306","11/7/2019","26XX N KIMBALL AVE","< 1","< 1","< 1",c(-87.7126091, 41.9284503),2313,"17031220602"
"307","9/14/2021","36XX N LINDER AVE","2.9","7.1","2.6",c(-87.7645892, 41.9460424),143,"17031150700"
"308","1/24/2021","22XX N ORCHARD ST","5","7","3.3",c(-87.6464791, 41.9220002),2979,"17031071200"
"309","6/9/2021","27XX N HERMITAGE AVE","< 1","< 1","< 1",c(-87.6722851, 41.930637),2539,"17031070700"
"310","5/7/2019","84XX S CRANDON AVE","3.1","3.8","1.4",c(-87.5687975, 41.7424701),147,"17031460500"
"311","9/3/2019","56XX S SEELEY AVE","1.5","3.9","1",c(-87.6757332, 41.7919516),2817,"17031670500"
"312","7/30/2019","77XX S MERRILL AVE","< 1","2.5","1.1",c(-87.5726628, 41.7551309),219,"17031431200"
"313","7/11/2019","4XX W WINNECONNA PKWY","< 1","< 1","< 1",c(-87.6343832, 41.7540246),1814,"17031691200"
"314","12/15/2019","33XX N OLEANDER AVE","1.1","1.9","< 1",c(-87.8156523, 41.9397605),2544,"17031170800"
"315","8/31/2019","27XX W FARGO AVE","1.8","1.9","< 1",c(-87.6972772, 42.0166616),528,"17031020200"
"316","7/5/2016","48XX S DORCHESTER AVE","1","< 1","< 1",c(-87.5923051, 41.8076895),1710,"17031390600"
"317","2/19/2020","10XX N RIDGEWAY AVE","13","5.3","1.4",c(-87.7203467, 41.8991938),865,"17031231200"
"318","4/15/2020","33XX N KENMORE AVE","< 1","< 1","< 1",c(-87.6556081, 41.9419428),1539,"17031062200"
"319","12/20/2021","52XX W OAKDALE AVE","11","2.4","1.2",c(-87.7568243, 41.9342921),1038,"17031190300"
"320","5/13/2021","55XX S CORNELL AVE","< 1","< 1","< 1",c(-87.5856238, 41.7950886),2649,"17031411000"
"321","7/17/2018","21XX N SHEFFIELD AVE","2.7","2.8","2.2",c(-87.6537379, 41.9200504),1006,"17031071000"
"322","6/16/2021","17XX W AINSLIE ST","< 1","< 1","< 1",c(-87.6711067, 41.9718262),2714,"17031031000"
"323","7/8/2016","61XX N MCCLELLAN AVE","See Follow-Up Sequential Sampling Table for Results",NA,NA,c(-87.7691771, 41.9943622),1195,"17031120100"
"324","3/2/2021","32XX S SHIELDS AVE","< 1","< 1","< 1",c(-87.6355077, 41.8362302),2641,"17031340500"
"325","3/1/2020","17XX N ARTESIAN AVE","< 1","< 1","< 1",c(-87.68884, 41.91227),866,"17031240600"
"326","7/14/2019","54XX S MOBILE AVE","2.1","2.6","9.1",c(-87.7797186, 41.7941527),2007,"17031560800"
"327","9/8/2019","2XX N GARLAND CT","< 1","< 1","< 1",c(-87.625286, 41.885767),1982,"17031320100"
"328","7/29/2018","30XX W DIVERSEY AVE","< 1","< 1","< 1",c(-87.7027134, 41.932229),1042,"17031210700"
"329","5/8/2019","54XX N CAMPBELL AVE","< 1","< 1","< 1",c(-87.6920512, 41.9796869),3056,"17031040202"
"330","5/7/2019","40XX W 25TH ST","2.6","3.7","1.2",c(-87.7246168, 41.8460896),737,"17031301802"
"331","4/28/2019","49XX N NORDICA AVE","2.1","9.2","2",c(-87.8028702, 41.9702635),1482,"17031100700"
"332","7/24/2021","17XX N HONORE ST","5.4","7.8","5.7",c(-87.6738461, 41.9123834),110,"17031240300"
"333","7/10/2019","54XX N MOBILE AVE","6.6","8.1","2",c(-87.7856188, 41.9794245),1902,"17031110300"
"334","8/11/2018","97XX S HOYNE AVE","5.4","9.5","5.6",c(-87.6750067, 41.7172419),2026,"17031720300"
"335","7/3/2019","26XX N CENTRAL PARK AVE","3.5","5.1","2.2",c(-87.7170948, 41.9282615),2654,"17031220702"
"336","7/28/2021","36XX W Wrightwood Ave","See Follow-Up Sequential Sampling Table for Results",NA,NA,c(-87.7172424, 41.9284404),2654,"17031220702"
"337","8/17/2018","85XX S MUSKEGON AVE","See Follow-Up Sequential Sampling Table for Results",NA,NA,c(-87.555421, 41.7408676),1312,"17031460301"
"338","4/4/2019","56XX W HENDERSON ST","< 1","2.8","< 1",c(-87.7665872, 41.9413035),288,"17031151100"
"339","3/11/2021","59XX N EAST CIRCLE AVE","6.5","3","2",c(-87.7999145, 41.9885719),2750,"17031100300"
"340","1/28/2021","51XX S KEELER AVE","1.3","< 1","< 1",c(-87.7282537, 41.8004917),564,"17031570300"
"341","3/11/2020","54XX W FULLERTON AVE","< 1","< 1","< 1",c(-87.7613297, 41.9243308),293,"17031190702"
"342","12/26/2019","52XX S CORNELL AVE","< 1","< 1","< 1",c(-87.5863073, 41.8009774),826,"17031410100"
"343","8/23/2021","59XX N KILPATRICK AVE","3","7.9","3.6",c(-87.7462396, 41.9879783),278,"17031120300"
"344",NA,"115XX S PEORIA ST","Customer declined further testing",NA,NA,c(-87.6457361, 41.6842319),768,"17031530300"
"345","6/10/2018","20XX W EVERGREEN AVE","< 1","< 1","< 1",c(-87.6773251, 41.9060102),868,"17031241400"
"346","1/26/2019","36XX N BELL AVE","< 1","< 1","< 1",c(-87.6846111, 41.9467935),132,"17031050500"
"347","6/27/2019","7XX N ELIZABETH ST","< 1","< 1","< 1",c(-87.6594225, 41.8944028),1025,"17031243400"
"348","1/27/2019","13XX W 110TH ST","6.7","5.3","2",c(-87.654615, 41.6940299),73,"17031750100"
"349","1/22/2019","82XX S PEORIA ST","2.5","2.5","2.3",c(-87.6466094, 41.745006),2050,"17031710800"
"350","1/6/2020","65XX N NEWGARD AVE","3.2","2.1","1.3",c(-87.6670918, 42.0001081),1766,"17031010600"
"351","2/16/2019","40XX N MOBILE AVE","1.2","5.1","< 1",c(-87.7841064, 41.952953),2981,"17031150502"
"352","7/20/2021","49XX W WOLFRAM ST","2.6","6.2","2.3",c(-87.7492898, 41.9326295),2303,"17031190200"
"353","2/12/2019","53XX N OCONTO AVE","2.4","2.6","< 1",c(-87.8093332, 41.9764821),2647,"17031100500"
"354","2/11/2019","69XX N MONON AVE","6.4","4.4","< 1",c(-87.7827351, 42.0068645),1195,"17031120100"
"355","7/11/2018","18XX N CALIFORNIA AVE","< 1","< 1","< 1",c(-87.6971992, 41.9139171),375,"17031240800"
"356","5/20/2019","111XX S AVENUE N","2.4","1.7","1.5",c(-87.5391798, 41.693537),1998,"17031520600"
"357","9/23/2021","77XX W FOREST PRESERVE AVE","7.4","7.5","6.7",c(-87.8194706, 41.9479073),1037,"17031170500"
"358","8/19/2019","50XX W WILSON AVE","3.3","8.8","2.7",c(-87.7527375, 41.9645819),2543,"17031150200"
"359","2/9/2019","67XX N OKETO AVE","2.1","1.9","1",c(-87.811619, 42.0024981),1192,"17031090200"
"360","5/10/2019","20XX N KENNETH AVE","2.5","2.6","1.4",c(-87.7375361, 41.917035),295,"17031200401"
"361","10/11/2019","95XX S WOODLAWN AVE","4.2","7.6","2.5",c(-87.5949794, 41.7220445),845,"17031500100"
"362","10/4/2021","3XX W 27th St","<1.0","<1.0","<1.0",c(-87.6327901, 41.8439736),344,"17031340400"
"363","8/11/2021","47XX W PARKER AVE","<1.0","<1.0","<1.0",c(-87.744329, 41.9308614),684,"17031190900"
"364","8/29/2019","2XX W WASHINGTON ST","< 1","< 1","< 1",c(-87.6338765, 41.8832277),1247,"17031839100"
"365","10/11/2016","101XX S SEELEY AVE","3.60","11.00","10.00",c(-87.6740791, 41.7099915),2026,"17031720300"
"366","10/14/2019","33XX W CULLOM AVE","2.7","3.4","3.1",c(-87.7108307, 41.9595998),144,"17031160501"
"367","10/28/2019","55XX W ARDMORE","See Follow-Up Sequential Sampling Table for Results",NA,NA,c(-87.7651671, 41.9861366),1901,"17031110100"
"368","3/17/2020","51XX N KOLMAR AVE","3.1","7.3","2.2",c(-87.7421757, 41.9736909),2257,"17031140400"
"369","11/18/2019","58XX N BERNARD ST","7","7.9","2.6",c(-87.7153745, 41.986808),2255,"17031130300"
"370","11/21/2018","23XX W MELROSE ST","12","6.1","3.3",c(-87.6856478, 41.9403875),1185,"17031051000"
"371","11/4/2018","19XX N OAKLEY AVE","< 1","< 1","< 1",c(-87.684886, 41.9162056),602,"17031222200"
"372","10/27/2020","14XX W 71ST PL","3.9","8.3","1.5",c(-87.6591341, 41.764263),436,"17031671900"
"373","3/24/2020","105XX S HARDING AVE","4.6","5.9","1.3",c(-87.7195523, 41.7022243),1232,"17031740200"
"374","6/6/2016","40XX N KENMORE AVE","< 1","< 1","< 1",c(-87.6564695, 41.9546032),1488,"17031830700"
"375","4/24/2019","63XX N TALMAN AVE","4.8","2.9","2.6",c(-87.6962835, 41.9959416),1769,"17031020802"
"376","5/12/2020","23XX N LINCOLN PARK W","< 1","< 1","< 1",c(-87.6370405, 41.924216),2540,"17031071400"
"377","3/21/2021","57XX S TRUMBULL AVE","2.4","1.5","< 1",c(-87.7098553, 41.7896697),2089,"17031630900"
"378","3/20/2019","39XX N HOYNE AVE","5.3","3.7","2.1",c(-87.6814011, 41.9524057),132,"17031050500"
"379","7/24/2016","16XX W BRYN MAWR AVE","< 1","< 1","< 1",c(-87.669882, 41.9834766),637,"17031030400"
"380","5/5/2019","78XX W CATALPA AVE","5.1","5","2.1",c(-87.8220062, 41.9798156),2647,"17031100500"
"381","6/10/2019","106XX S NORMAL AVE","9.2","17","19",c(-87.6357158, 41.7014037),843,"17031491100"
"382","1/10/2022","76XX S Dr Martin Luther King Jr Dr","6.1","15","2.5",c(-87.615358, 41.756474),567,"17031691300"
"383","8/1/2018","9XX N WILLARD CT","< 1","< 1","< 1",c(-87.6585506, 41.8982877),1282,"17031842300"
"384","12/30/2021","50XX N CLAREMONT AVE","<0.5","<0.5","<0.5",c(-87.6877871, 41.9722656),1496,"17031040401"
"385","2/10/2020","67XX S NORMAL BLVD","See Follow-Up Sequential Sampling Table for Results",NA,NA,c(-87.637629, 41.7724199),2124,"17031681200"
"386","3/11/2022","25XX N KIMBALL AVE","<0.5","<0.5","<0.5",c(-87.7124702, 41.9266026),2313,"17031220602"
"387","1/14/2020","4XX W 99TH ST","5.1","5","2.3",c(-87.6337782, 41.7142346),1993,"17031730500"
"388","9/18/2019","90XX S HOYNE AVE","1.6","6","1.7",c(-87.6750146, 41.7300113),247,"17031720100"
"389","11/3/2019","6XX W ALDINE AVE","1.4","< 1","1.3",c(-87.6444607, 41.9418609),1538,"17031061901"
"390","7/27/2021","44XX N Bernard St","See Follow-Up Sequential Sampling Table for Results",NA,NA,c(-87.7145192, 41.9612879),2258,"17031140702"
"391","2/2/2017","53XX S MICHIGAN AVE","< 1","< 1","< 1",c(-87.6227642, 41.7980121),1711,"17031400300"
"392","6/13/2016","18XX N NATOMA AVE","4","6.3","2.1",c(-87.7914937, 41.912851),376,"17031250500"
"393","9/3/2019","91XX S OAKLEY AVE","8.6","3.1","1.3",c(-87.6798496, 41.7282419),247,"17031720100"
"394","3/3/2020","81XX S FRANCISCO AVE","2.5","2.5","< 1",c(-87.6949611, 41.7462707),2047,"17031700501"
"395","7/15/2019","60XX S MELVINA AVE","3","2.3","1.3",c(-87.7768321, 41.7831535),2090,"17031640300"
"396","9/16/2020","63XX W GRACE ST","< 1","< 1","< 1",c(-87.7841284, 41.9495346),2739,"17031170200"
"397","10/14/2019","58XX N CENTRAL AVE","3.2","13","4.4",c(-87.7684484, 41.9860784),1901,"17031110100"
"398","8/7/2019","75XX N OSCEOLA AVE","< 1","3","< 1",c(-87.8129649, 42.017164),1898,"17031090100"
"399","12/30/2021","58XX W GRACE ST","4.3","3.7","2.7",c(-87.7717789, 41.9494641),287,"17031150600"
"400","12/8/2019","17XX W SUMMERDALE AVE","8.9","< 1","< 1",c(-87.6723614, 41.9790024),703,"17031030900"
"401","10/1/2018","46XX N MALDEN ST","< 1","< 1","< 1",c(-87.6627606, 41.9654102),130,"17031031700"
"402","9/2/2021","85XX S KOLIN AVE","3.9","2","1.3",c(-87.7303778, 41.738222),2046,"17031700302"
"403","6/9/2019","16XX W LE MOYNE ST","< 1","< 1","< 1",c(-87.6678602, 41.9092206),549,"17031241500"
"404","4/8/2019","36XX S HERMITAGE AVE","2.6","2.2","1.7",c(-87.6691968, 41.8287041),1833,"17031590700"
"405","1/3/2017","41XX N PARKSIDE AVE","3.6","5","7.7",c(-87.7685863, 41.9551225),286,"17031150402"
"406","9/1/2018","68XX N WAUKESHA AVE","5.4","14","9.7",c(-87.7653534, 42.0056696),2254,"17031120200"
"407","3/11/2019","52XX W WARNER AVE","4","4.7","4.9",c(-87.7574568, 41.9562858),2242,"17031150300"
"408","10/28/2016","18XX N DAYTON ST","< 1","< 1","< 1",c(-87.6497469, 41.9140009),1118,"17031832600"
"409","8/19/2019","51XX W POTOMAC AVE","2.2","7.7","3.6",c(-87.7533615, 41.9040846),2517,"17031250800"
"410","10/13/2021","87XX S DORCHESTER AVE","3.1","6.1","3.8",c(-87.5905577, 41.7368427),1835,"17031480200"
"411","4/26/2019","92XX S WABASH AVE","1.4","3.6","< 1",c(-87.6227457, 41.7271154),839,"17031490300"
"412","11/28/2018","35XX W LYNDALE ST","< 1","< 1","< 1",c(-87.7136589, 41.9218991),2315,"17031221000"
"413","8/8/2018","54XX N PAULINA ST","< 1","< 1","< 1",c(-87.6721603, 41.9797877),703,"17031030900"
"414","2/28/2020","48XX S KEDVALE AVE","2.7","9.4","1.5",c(-87.7274976, 41.8058744),564,"17031570300"
"415","10/6/2019","13XX W COLUMBIA AVE","5.5","5.1","3.5",c(-87.663824, 42.004765),771,"17031010502"
"416","7/2/2018","19XX W SUNNYSIDE AVE","< 1","< 1","< 1",c(-87.676374, 41.963538),2327,"17031830800"
"417","12/15/2021","11XX W 19TH ST","<0.5","<0.5","<0.5",c(-87.6531669, 41.8566384),552,"17031310400"
"418","8/11/2019","33XX N DAMEN AVE","< 1","< 1","< 1",c(-87.678719, 41.9415064),478,"17031051100"
"419","10/2/2016","61XX N WOLCOTT AVE","1.6","< 1","< 1",c(-87.6771004, 41.9919349),3111,"17031020902"
"420","7/25/2019","104XX S SAWYER AVE","2.8","14","2.8",c(-87.7028369, 41.7041977),1232,"17031740200"
"421","12/30/2020","81XX S LOOMIS BLVD","< 1","< 1","< 1",c(-87.658854, 41.7466508),2049,"17031710600"
"422","10/22/2019","107XX S Wallace St","10.0","15.0","5.5",c(-87.6379469, 41.6995448),843,"17031491100"
"423","5/1/2019","20XX N HAMLIN AVE","2.1","4.6","1.7",c(-87.7216539, 41.9172342),2983,"17031220901"
"424","5/12/2021","12XX N PAULINA ST","< 1","< 1","< 1",c(-87.6704173, 41.9032982),111,"17031242100"
"425","5/30/2018","108XX S TROY ST","< 1","< 1","< 1",c(-87.700119, 41.696902),2507,"17031740100"
"426","4/22/2021","49XX N OAK PARK AVE","4.6","4.8","2",c(-87.7967902, 41.9703071),1482,"17031100700"
"427","10/25/2020","11XX N LAKE SHORE DR","< 1","< 1","< 1",c(-87.6248358, 41.9026385),1552,"17031081202"
"428","4/30/2018","44XX N CALIFORNIA AVE","< 1","< 1","< 1",c(-87.6984677, 41.9612692),2259,"17031140800"
"429","12/22/2020","40XX W MELROSE ST","< 1","< 1","< 1",c(-87.7272076, 41.9399966),1092,"17031831100"
"430","7/18/2021","19XX W EVERGREEN AVE","8.8","15","8.5",c(-87.6745954, 41.907163),868,"17031241400"
"431","4/14/2019","98XX S OAKLEY AVE","3.9","7.9","4.5",c(-87.6797955, 41.7154417),2026,"17031720300"
"432","9/7/2019","23XX N KIMBALL AVE","2.4","7.2","2.4",c(-87.7124219, 41.9229618),1044,"17031221100"
"433","8/25/2016","77XX W BERWYN AVE","2.1","7.8","2.2",c(-87.8195564, 41.9762447),2647,"17031100500"
"434","11/4/2016","17XX E 85TH PL","1.8","< 1","< 1",c(-87.5826308, 41.7399426),1810,"17031450300"
"435","4/29/2019","28XX W AINSLIE ST","< 1","3.6","1.2",c(-87.699386, 41.9707233),2537,"17031040300"
"436","5/30/2021","39XX N PINE GROVE AVE","< 1","< 1","< 1",c(-87.6482047, 41.9531669),3095,"17031060800"
"437","8/20/2019","61XX S MONITOR AVE","2.1","3.8","2.4",c(-87.7682627, 41.7814655),2090,"17031640300"
"438","9/26/2018","20XX W GREENLEAF AVE","< 1","< 1","< 1",c(-87.6805626, 42.0103693),3109,"17031010701"
"439","11/24/2018","14XX W BRYN MAWR AVE","5.6","3.1","2.2",c(-87.6651641, 41.9837851),2713,"17031030500"
"440","1/24/2020","109XX S CALIFORNIA AVE","4.5","3.2","1.4",c(-87.6910663, 41.6953181),3108,"17031750300"
"441","10/31/2019","6XX N SPRINGFIELD AVE","3.4","3.6","3.1",c(-87.7237851, 41.8919666),713,"17031231500"
"442","8/15/2019","52XX S NORMANDY AVE","2.6","7.2","1.6",c(-87.789588, 41.7976038),2741,"17031560900"
"443","1/13/2020","13XX N HOYNE AVE","< 1","< 1","< 1",c(-87.6797342, 41.9049628),868,"17031241400"
"444","7/29/2018","70XX N OZARK AVE","1.9","2.8","2.4",c(-87.8203944, 42.0079509),1192,"17031090200"
"445","9/3/2018","19XX W DIVERSEY PKWY","< 1","< 1","< 1",c(-87.6756854, 41.9323216),133,"17031051300"
"446","10/7/2016","95XX S CLAREMONT AVE","See Follow-Up Sequential Sampling Table for Results",NA,NA,c(-87.6808338, 41.7208836),2026,"17031720300"
"447","8/14/2019","19XX W BRADLEY PL","14","7.9","3.6",c(-87.6763635, 41.9498583),1499,"17031050600"
"448","12/26/2019","6XX W WILLOW ST","< 1","< 1","< 1",c(-87.6435186, 41.9138862),758,"17031071700"
"449","1/26/2020","26XX N SACRAMENTO AVE","3.9","5.1","1.1",c(-87.7024278, 41.9291184),2312,"17031220400"
"450","8/13/2018","13XX W NORWOOD ST","5.5","13","4.9",c(-87.6629774, 41.9920508),129,"17031030200"
"451","10/20/2019","16XX N MEADE AVE","2.9","5.1","1.6",c(-87.7776494, 41.9092405),1941,"17031250400"
"452","8/17/2019","54XX S CORNELL AVE","2.5","11","2.6",c(-87.5859965, 41.7977554),1519,"17031410900"
"453","8/22/2019","35XX W 76TH ST","4","5.8","3.3",c(-87.7100542, 41.7553633),1822,"17031700100"
"454","12/31/2019","31XX W PALMER BLVD","1.3","1.4","< 1",c(-87.7055117, 41.921804),298,"17031221200"
"455","7/23/2019","49XX W BARRY AVE","5.7","17","13",c(-87.7494798, 41.9371698),2303,"17031190200"
"456","3/1/2019","110XX S AVENUE F","1.7","< 1","< 1",c(-87.530757, 41.6953019),848,"17031520500"
"457","4/8/2019","39XX N NEWLAND AVE","1.5","2.3","1.1",c(-87.8001109, 41.9509766),1036,"17031170300"
"458","10/13/2019","33XX W HIRSCH ST","1.6","1.4","1.7",c(-87.7093463, 41.9064416),864,"17031230900"
"459","9/29/2016","93XX S OAKLEY AVE","See Follow-Up Sequential Sampling Table for Results",NA,NA,c(-87.6800611, 41.7244674),247,"17031720100"
"460","8/3/2019","45XX W 79TH PL","4.3","9.8","5.1",c(-87.734346, 41.7489425),670,"17031700301"
"461","3/5/2017","41XX N LAVERGNE AVE","3.4","7.8","6.2",c(-87.7525947, 41.9553531),2543,"17031150200"
"462","11/20/2019","13XX N OAKLEY BLVD","< 1","< 1","< 1",c(-87.6846157, 41.9048644),1929,"17031241200"
"463","7/22/2019","26XX W LELAND AVE","3.8","8","3.7",c(-87.6941429, 41.9668792),1497,"17031040700"
"464","12/4/2018","93XX S LONGWOOD","18","14","5.4",c(-87.6686314, 41.7250647),247,"17031720100"
"465","6/26/2019","16XX W DIVERSEY PKWY","< 1","< 1","< 1",c(-87.6684698, 41.9324012),2539,"17031070700"
"466","6/15/2021","9XX W 86TH ST","3.4","3.4","3.7",c(-87.6461026, 41.7378536),3000,"17031711000"
"467","2/24/2022","114XX S STEWART AVE","<0.5","<0.5","<0.5",c(-87.6319736, 41.7237509),443,"17031834000"
"468","7/20/2018","13XX W ELMDALE AVE","1.9","1.9","1.4",c(-87.6630117, 41.9908887),129,"17031030200"
"469","5/28/2019","67XX N OCTAVIA AVE","2.6","2.5","1.7",c(-87.8094469, 42.0027569),1192,"17031090200"
"470","1/19/2020","12XX N STATE PKWY","< 1","< 1","< 1",c(-87.6289007, 41.9040276),2811,"17031080202"
"471","7/20/2021","62XX N FOREST GLEN AVE","1.3","6.7","2",c(-87.7399326, 41.9935828),278,"17031120300"
"472","7/20/2019","6XX E 89TH ST","3","6.9","6.9",c(-87.6094253, 41.7331383),1809,"17031440700"
"473","3/13/2020","105XX S KEDZIE AVE","See Follow-Up Sequential Sampling Table for Results",NA,NA,c(-87.7015233, 41.7024083),1232,"17031740200"
"474","4/5/2021","59XX W SUPERIOR ST","2.4","5.4","2.9",c(-87.7724427, 41.8940704),1028,"17031251400"
"475","9/21/2021","26XX E 79th St","4.7","28","3.7",c(-87.5611896, 41.751927),561,"17031431301"
"476","11/3/2018","8XX W LILL AVE","< 1","< 1","< 1",c(-87.64922, 41.9283711),700,"17031070300"
"477","12/21/2019","50XX W DEVON AVE","4.3","7.8","< 1",c(-87.7531633, 41.9973497),2254,"17031120200"
"478","1/18/2021","46XX W WRIGHTWOOD AVE","< 1","< 1","< 1",c(-87.7417399, 41.9286861),106,"17031200200"
"479","2/9/2021","106XX S EBERHART AVE","1.5","< 1","< 1",c(-87.6114219, 41.7017556),842,"17031490902"
"480","5/7/2019","75XX W DEVON AVE","7.2","10","8.4",c(-87.8137356, 41.9973675),1899,"17031090300"
"481","9/12/2016","54XX S RIDGEWOOD CT","3.3","1.1","< 1",c(-87.5929499, 41.797903),1713,"17031410700"
"482","3/31/2019","37XX N OAKLEY AVE","3.8","4.5","1.3",c(-87.6865233, 41.9494971),132,"17031050500"
"483","5/16/2021","26XX W HADDON AVE","< 1","< 1","< 1",c(-87.6921265, 41.9023094),112,"17031242600"
"484","6/30/2019","41XX N KOLMAR AVE","8.8","11","3.9",c(-87.7420844, 41.9554452),2246,"17031160200"
"485","2/9/2020","62XX N LA CROSSE AVE","3.3","11","1.1",c(-87.7495499, 41.9936597),2254,"17031120200"
"486","8/18/2021","61XX N KILDARE AVE","4","11","3.5",c(-87.7364507, 41.9917457),278,"17031120300"
"487","2/7/2019","62XX N LEGETT","5.9","15","7.1",c(-87.7540433, 41.9938135),2254,"17031120200"
"488","9/11/2016","14XX S ABERDEEN ST","< 1","< 1","< 1",c(-87.6541683, 41.8625261),2986,"17031283800"
"489","10/20/2019","38XX N BERNARD ST","4.3","4.4","11",c(-87.7140402, 41.9501832),3096,"17031160800"
"490","8/21/2020","10XX W CATALPA AVE","< 1","< 1","< 1",c(-87.6551579, 41.9818923),1178,"17031030706"
"491","1/6/2017","54XX N LINDER AVE**","6.4","29.0","22.0",c(-87.7659633, 41.979335),1194,"17031110501"
"492","4/12/2019","54XX N MULLIGAN AVE","2.6","4","2.1",c(-87.7868934, 41.9794059),1902,"17031110300"
"493","11/6/2018","62XX N NORTHWEST HWY","< 1","< 1","< 1",c(-87.8027442, 41.994313),1193,"17031100200"
"494","2/27/2019","79XX S WHIPPLE ST","1.4","2.2","< 1",c(-87.6990342, 41.74964),2047,"17031700501"
"495","3/16/2019","105XX S UNION AVE","1.5","1.9","1.1",c(-87.6405998, 41.7032542),843,"17031491100"
"496","8/24/2020","27XX N SAINT LOUIS AVE","< 1","< 1","< 1",c(-87.7149475, 41.930276),2313,"17031220602"
"497","7/1/2019","36XX N NEVA AVE","3.3","6.8","1.7",c(-87.8060514, 41.9454258),1036,"17031170300"
"498","5/2/2019","40XX W WAVELAND AVE","< 1","< 1","< 1",c(-87.727427, 41.9481785),1685,"17031160900"
"499","2/24/2022","41XX N Kilbourn Ave","See Follow-Up Sequential Sampling Table for Results",NA,NA,c(-87.7409004, 41.9554755),2246,"17031160200"
"500","10/18/2021","34XX N AVERS AVE","4.8","6.3","4.2",c(-87.7239418, 41.9429682),1092,"17031831100"
